{"cameraMode":{"drawMode":0,"name":"Shaded","section":"Shading Mode"},"sceneLighting":false,"audioPlay":false,"sceneViewState":{"m_AlwaysRefresh":false,"showFog":true,"showSkybox":false,"showFlares":true,"showImageEffects":true,"showParticleSystems":true,"showVisualEffectGraphs":true,"m_FxEnabled":true},"in2DMode":false,"pivot":{"x":-3.3324317932128908,"y":28.328845977783204,"z":-3.6267693042755129},"rotation":{"x":0.006364705506712198,"y":-0.5289651155471802,"z":0.00396729726344347,"w":0.848611056804657},"size":2.7994911670684816,"orthographic":true}